Neighborhood,Id,Estimate; Total:,Margin of Error; Total:,Estimate; Male:,Margin of Error; Male:,Estimate; Male: - No schooling completed,Margin of Error; Male: - No schooling completed,Estimate; Male: - Nursery to 4th grade,Margin of Error; Male: - Nursery to 4th grade,Estimate; Male: - 5th and 6th grade,Margin of Error; Male: - 5th and 6th grade,Estimate; Male: - 7th and 8th grade,Margin of Error; Male: - 7th and 8th grade,Estimate; Male: - 9th grade,Margin of Error; Male: - 9th grade,Estimate; Male: - 10th grade,Margin of Error; Male: - 10th grade,Estimate; Male: - 11th grade,Margin of Error; Male: - 11th grade,"Estimate; Male: - 12th grade, no diploma","Margin of Error; Male: - 12th grade, no diploma",Estimate; Male: - High school graduate (includes equivalency),Margin of Error; Male: - High school graduate (includes equivalency),"Estimate; Male: - Some college, less than 1 year","Margin of Error; Male: - Some college, less than 1 year","Estimate; Male: - Some college, 1 or more years, no degree","Margin of Error; Male: - Some college, 1 or more years, no degree",Estimate; Male: - Associate's degree,Margin of Error; Male: - Associate's degree,Estimate; Male: - Bachelor's degree,Margin of Error; Male: - Bachelor's degree,Estimate; Male: - Master's degree,Margin of Error; Male: - Master's degree,Estimate; Male: - Professional school degree,Margin of Error; Male: - Professional school degree,Estimate; Male: - Doctorate degree,Margin of Error; Male: - Doctorate degree,Estimate; Female:,Margin of Error; Female:,Estimate; Female: - No schooling completed,Margin of Error; Female: - No schooling completed,Estimate; Female: - Nursery to 4th grade,Margin of Error; Female: - Nursery to 4th grade,Estimate; Female: - 5th and 6th grade,Margin of Error; Female: - 5th and 6th grade,Estimate; Female: - 7th and 8th grade,Margin of Error; Female: - 7th and 8th grade,Estimate; Female: - 9th grade,Margin of Error; Female: - 9th grade,Estimate; Female: - 10th grade,Margin of Error; Female: - 10th grade,Estimate; Female: - 11th grade,Margin of Error; Female: - 11th grade,"Estimate; Female: - 12th grade, no diploma","Margin of Error; Female: - 12th grade, no diploma",Estimate; Female: - High school graduate (includes equivalency),Margin of Error; Female: - High school graduate (includes equivalency),"Estimate; Female: - Some college, less than 1 year","Margin of Error; Female: - Some college, less than 1 year","Estimate; Female: - Some college, 1 or more years, no degree","Margin of Error; Female: - Some college, 1 or more years, no degree",Estimate; Female: - Associate's degree,Margin of Error; Female: - Associate's degree,Estimate; Female: - Bachelor's degree,Margin of Error; Female: - Bachelor's degree,Estimate; Female: - Master's degree,Margin of Error; Female: - Master's degree,Estimate; Female: - Professional school degree,Margin of Error; Female: - Professional school degree,Estimate; Female: - Doctorate degree,Margin of Error; Female: - Doctorate degree
Allegheny Center,1,791,140,449,106,7,11,0,10,0,10,0,10,6,10,0,10,22,36,0,10,57,63,8,13,59,51,20,17,140,62,60,60,64,36,6,9,342,85,0,10,0,10,0,10,0,10,0,10,32,48,6,9,22,19,99,64,25,18,51,31,33,34,36,24,14,14,24,20,0,10
Allegheny West,2,283,92,190,58,0,10,0,10,13,19,9,21,0,10,0,10,0,10,0,10,44,38,10,23,14,11,19,18,54,32,12,13,9,13,6,9,93,48,0,10,0,10,0,10,0,10,6,10,0,10,0,10,0,10,6,9,0,10,4,7,6,8,67,44,0,10,4,6,0,10
Allentown,3,1611.0,247.786198163,617.0,148.296999295,0.0,17.3205080757,6.0,20.6155281281,0.0,17.3205080757,0.0,17.3205080757,0.0,17.3205080757,25.0,25.0998007961,9.0,21.354156504,22.0,27.3861278752,351.0,108.046286378,8.0,18.547236991,95.0,76.118328936,33.0,32.0156211872,22.0,32.2645316098,16.0,20.9761769634,30.0,29.7489495612,0.0,17.3205080757,994.0,194.843526964,14.0,24.4948974278,0.0,17.3205080757,0.0,17.3205080757,10.0,22.1133443875,12.0,25.3179778023,8.0,18.547236991,0.0,17.3205080757,18.0,22.825424421,469.0,159.956244017,123.0,63.2850693292,242.0,114.46396813,26.0,27.9284800875,50.0,42.9534631898,22.0,26.1533936613,0.0,17.3205080757,0.0,17.3205080757
Arlington,4,1271.0,224.512805871,663.0,158.173954872,31.0,37.7491721764,0.0,17.3205080757,0.0,17.3205080757,6.0,17.3205080757,0.0,17.3205080757,0.0,17.3205080757,26.0,24.899799196,0.0,17.3205080757,341.0,93.9627585802,13.0,17.5499287748,132.0,77.6466354712,72.0,42.5323406362,42.0,28.7054001888,0.0,17.3205080757,0.0,17.3205080757,0.0,17.3205080757,608.0,113.101724125,6.0,16.7630546143,0.0,17.3205080757,6.0,16.7630546142,19.0,23.4520787991,19.0,21.6794833887,35.0,26.7207784317,5.0,15.779733838,15.0,20.6155281281,214.0,67.2160695072,61.0,38.6781592116,119.0,63.8200595424,52.0,33.3616546352,42.0,32.0780298647,13.0,13.0384048104,2.0,14.6969384567,0.0,17.3205080757
Arlington Heights,5,182,108,22,28,0,10,0,10,0,10,0,10,0,10,0,10,0,10,0,10,0,10,6,9,16,26,0,10,0,10,0,10,0,10,0,10,160,107,0,10,0,10,0,10,0,10,7,12,52,52,8,11,63,96,26,25,0,10,4,6,0,10,0,10,0,10,0,10,0,10
Banksville,6,3368.0,390.564975389,1477.0,246.880537912,0.0,20.0,0.0,20.0,0.0,20.0,0.0,20.0,4.0,19.0787840283,41.0,57.6628129734,16.0,31.2409987036,0.0,20.0,405.0,131.806676614,64.0,46.7653718044,182.0,102.907725658,90.0,56.8594759033,326.0,124.370414488,301.0,138.942434123,48.0,55.6776436283,0.0,20.0,1891.0,264.412556434,4.0,19.0787840283,0.0,20.0,0.0,20.0,7.0,20.5182845286,29.0,38.3927076409,65.0,58.9660919513,30.0,41.7612260356,0.0,20.0,552.0,155.547420422,108.0,63.0,175.0,103.082491239,276.0,134.807269834,392.0,134.614263732,203.0,102.239913928,50.0,44.4971909226,0.0,20.0
Bedford Dwellings,7,674,88,274,75,5,9,0,10,0,10,0,10,0,10,14,22,32,25,0,10,145,70,24,35,23,23,9,14,22,25,0,10,0,10,0,10,400,77,16,15,10,17,0,10,0,10,0,10,15,18,29,28,6,10,216,61,7,13,58,45,28,22,15,16,0,10,0,10,0,10
Beechview,8,5834.0,512.740675194,2879.0,366.147511257,62.0,64.2650760523,0.0,31.6227766016,9.0,34.0,0.0,31.6227766016,24.0,34.0440890611,16.0,34.9857113691,96.0,85.1880273278,48.0,43.7492857085,990.0,242.332416321,233.0,126.901536634,423.0,122.392810246,292.0,86.6256313108,557.0,139.663882232,74.0,50.5470078245,46.0,46.3357313528,9.0,33.1058907146,2955.0,288.674557245,49.0,58.3523778437,0.0,31.6227766016,0.0,31.6227766016,116.0,75.9144255066,0.0,31.6227766016,34.0,37.2692903071,29.0,37.8681924575,66.0,43.3820239271,957.0,186.55830188,187.0,65.3375848957,388.0,118.270875536,329.0,101.671038157,532.0,151.641023474,219.0,84.00595217,40.0,41.8688428309,9.0,33.1058907146
Beltzhoover,9,1347.0,246.300629313,686.0,163.740648588,14.0,26.4575131106,0.0,20.0,0.0,20.0,0.0,20.0,0.0,20.0,66.0,70.7813534767,78.0,67.2904153651,40.0,40.8044115262,334.0,110.900856625,20.0,25.6515106768,85.0,68.483574673,21.0,35.5105618091,6.0,16.7332005306,22.0,32.9241552663,0.0,20.0,0.0,20.0,661.0,133.929085713,0.0,20.0,0.0,20.0,9.0,23.579652245,0.0,20.0,18.0,26.4575131106,26.0,33.7786915081,33.0,33.5410196625,9.0,22.2710574513,169.0,76.9545320303,77.0,45.6289381862,162.0,69.2387174925,56.0,52.7351874937,44.0,32.1247568084,58.0,43.931765273,0.0,20.0,0.0,20.0
Bloomfield,10,6603.0,431.270216917,3416.0,309.983870549,26.0,26.7207784317,3.0,30.5941170816,17.0,31.1287648325,20.0,31.0,14.0,32.8785644455,13.0,31.7490157327,32.0,39.8120584748,52.0,34.4383507154,817.0,146.594679303,164.0,68.9710084021,366.0,113.701363229,210.0,80.8331615119,947.0,171.726526781,498.0,125.713961038,111.0,58.600341296,126.0,58.0603134679,3187.0,251.851146513,16.0,34.3074335969,22.0,27.440845468,20.0,33.1058907145,13.0,29.4278779391,29.0,37.1079506306,25.0,31.5911379978,11.0,32.3109888427,31.0,33.1511689087,810.0,128.565158577,126.0,74.9866654813,323.0,95.3467356547,240.0,86.8216562847,757.0,152.558185621,574.0,121.474277113,99.0,55.1996376799,91.0,53.4789678284
Bluff,11,1725.0,262.554756194,1419.0,193.571692145,11.0,20.5182845287,0.0,20.0,5.0,19.0787840283,11.0,22.7376340018,0.0,20.0,62.0,43.5889894354,116.0,54.8087584241,16.0,26.4575131106,719.0,141.52384958,120.0,58.7367006224,206.0,113.335784287,24.0,29.5972971739,97.0,45.0998891351,22.0,31.9687347263,10.0,19.2093727123,0.0,20.0,306.0,124.454811076,4.0,18.3303027798,0.0,20.0,7.0,22.9128784748,5.0,19.0787840283,0.0,20.0,17.0,24.3310501212,43.0,33.4962684489,0.0,20.0,123.0,70.0999286733,30.0,56.709787515,12.0,21.0950231097,22.0,27.2213151776,12.0,20.5182845287,23.0,26.4575131106,8.0,22.2710574513,0.0,20.0
Bon Air,12,595,104,276,63,8,12,0,10,0,10,0,10,0,10,0,10,0,10,0,10,83,40,13,16,79,47,42,44,22,21,20,31,0,10,9,15,319,70,0,10,0,10,0,10,0,10,0,10,11,16,10,15,10,9,149,71,10,12,30,31,40,36,28,18,31,25,0,10,0,10
Brighton Heights,13,5389.0,360.897492371,2613.0,261.954194469,97.0,51.4101157361,7.0,28.7228132327,0.0,26.4575131106,7.0,29.2574776766,14.0,25.179356624,21.0,26.2678510731,42.0,41.9285105865,26.0,33.0605505096,891.0,187.856328081,118.0,59.2030404625,248.0,88.9269363017,233.0,78.8289287001,716.0,155.746589047,124.0,56.0267793113,51.0,42.4852915726,18.0,30.166206258,2776.0,222.602785247,61.0,39.6610640301,2.0,25.0,0.0,26.4575131106,43.0,41.7252920901,20.0,29.9499582637,18.0,27.2946881278,18.0,25.1197133742,44.0,33.5261092285,816.0,142.755034938,190.0,67.5943784645,401.0,121.946709673,331.0,104.460518857,506.0,109.740603243,281.0,89.3420393767,44.0,40.3236903073,1.0,24.6779253585
Brookline,14,9770.0,621.529564864,4553.0,370.325532472,24.0,40.062451248,22.0,49.8898787331,0.0,38.729833462,16.0,45.0000000001,27.0,42.4499705536,134.0,109.877204189,140.0,110.521491122,48.0,60.7042008431,1655.0,251.99404755,281.0,100.677703589,491.0,130.682822132,616.0,182.32662998,724.0,168.199286562,271.0,96.8658866681,39.0,46.733285782,65.0,64.5445582524,5217.0,386.121742459,21.0,42.0594816896,13.0,40.2119385258,0.0,38.729833462,90.0,80.2745289616,46.0,58.2494635168,66.0,51.9519008315,92.0,65.9621103362,62.0,54.8087584243,1666.0,227.978069121,493.0,147.305804366,664.0,174.020113781,560.0,177.569704623,948.0,190.415335518,398.0,129.41792766,78.0,57.4195088799,20.0,43.920382512
California-Kirkbride,15,424,102,147,47,6,15,0,10,0,10,0,10,4,7,5,7,19,27,3,6,53,34,7,10,27,26,0,10,17,20,6,13,0,10,0,10,277,71,0,10,0,10,0,10,0,10,15,13,16,22,0,10,10,13,129,47,11,13,47,28,21,18,16,16,12,13,0,10,0,10
Carrick,16,7276.0,495.751954106,3384.0,298.864517801,84.0,48.3425278611,8.0,36.6606055596,10.0,36.4965751818,46.0,56.7978872847,16.0,38.3796821248,60.0,44.9777722881,50.0,41.9880935504,61.0,44.8441746495,1313.0,192.34344283,247.0,94.7364766075,460.0,126.384334473,421.0,120.020831525,546.0,143.303872941,49.0,43.760712974,12.0,39.0384425919,1.0,34.7706773013,3892.0,305.267096164,101.0,62.329768169,24.0,38.170669368,52.0,70.6611633078,91.0,68.0441033448,37.0,41.7133072292,103.0,57.9913786696,134.0,52.9150262212,120.0,78.249600638,1590.0,211.688450322,231.0,74.2091638546,390.0,119.6745587,322.0,108.050913925,436.0,112.116011346,239.0,122.837290755,0.0,36.0555127546,22.0,38.8587184555
Central Business District,17,2498.0,339.297804296,1585.0,265.041506183,0.0,24.4948974278,0.0,24.4948974278,0.0,24.4948974278,16.0,26.0959767014,0.0,24.4948974278,9.0,24.1039415864,17.0,26.9258240357,14.0,30.6757233004,354.0,135.225737195,17.0,27.3130005675,268.0,124.430703607,111.0,64.4360147743,238.0,85.1997652579,217.0,76.341338736,232.0,135.388330369,92.0,82.0792300158,913.0,187.792438612,0.0,24.4948974278,0.0,24.4948974278,0.0,24.4948974278,9.0,26.3818119165,0.0,24.4948974278,0.0,24.4948974278,10.0,23.6643191324,7.0,25.3771550809,161.0,68.1395626638,16.0,28.0891438104,97.0,79.7809501071,31.0,37.4165738677,241.0,104.450945424,194.0,80.0999375779,135.0,98.6661036021,12.0,25.8650343128
Central Lawrenceville,18,3757.0,376.28978195,1858.0,224.624130493,25.0,27.748873851,1.0,22.5610283453,14.0,38.2230297072,23.0,27.3130005675,7.0,24.9198715887,19.0,22.8473193176,32.0,30.951575081,51.0,58.008620049,512.0,121.086745764,81.0,49.7594212185,209.0,90.6090503206,81.0,42.2374241639,547.0,128.743931897,173.0,68.5127725318,48.0,32.4807635378,35.0,29.6141857899,1899.0,218.965750747,13.0,25.4950975679,4.0,21.400934559,3.0,23.4307490277,0.0,24.4948974278,48.0,51.3517283059,37.0,41.6293165929,72.0,51.0783711564,10.0,25.8650343127,628.0,130.575648572,96.0,49.2138191975,196.0,79.4418025978,174.0,79.1707016516,329.0,94.8946784599,228.0,66.3249575952,51.0,34.278273002,10.0,23.8746727726
Central Northside,19,2117.0,233.638609823,1125.0,185.539753153,16.0,21.2837966538,0.0,17.3205080757,0.0,17.3205080757,20.0,45.1663591626,8.0,19.8997487421,6.0,12.56980509,20.0,21.0,0.0,17.3205080757,287.0,118.894911582,66.0,38.9101529167,62.0,37.3229152131,66.0,43.3704968844,349.0,92.2930116531,210.0,86.3539228988,11.0,18.547236991,4.0,15.3622914957,992.0,128.541821988,16.0,20.6155281281,0.0,17.3205080757,0.0,17.3205080757,6.0,17.3205080757,14.0,21.3541565041,48.0,28.231188427,35.0,30.166206258,24.0,38.6781592116,269.0,85.2936105462,34.0,27.8567765544,73.0,32.4653661615,94.0,50.3984126734,207.0,55.5067563455,116.0,41.1946598481,18.0,18.7082869339,38.0,30.3644529014
Central Oakland,20,1005.0,221.402348678,617.0,184.157541252,2.0,14.6969384567,9.0,20.6155281281,7.0,19.8997487421,59.0,75.1930847884,10.0,20.6155281281,0.0,17.3205080757,0.0,17.3205080757,0.0,17.3205080757,155.0,120.345336428,32.0,32.4653661615,55.0,43.520110294,0.0,17.3205080757,105.0,51.0783711565,89.0,69.4694177319,42.0,47.1699056603,52.0,46.3141447077,388.0,95.4463199919,0.0,17.3205080757,0.0,17.3205080757,7.0,19.8997487421,13.0,20.6155281281,14.0,26.1533936612,0.0,17.3205080757,0.0,17.3205080757,9.0,19.2093727123,15.0,19.2093727123,36.0,30.2985148151,61.0,42.9418211072,0.0,17.3205080757,133.0,82.3346828499,74.0,40.6201920232,0.0,17.3205080757,26.0,33.1662479036
Chartiers City,21,356,98,161,62,0,10,0,10,0,10,0,10,0,10,0,10,0,10,24,26,51,33,0,10,47,32,5,8,0,10,34,35,0,10,0,10,195,62,0,10,0,10,0,10,0,10,0,10,6,10,0,10,8,12,74,44,23,22,25,23,15,17,40,51,0,10,0,10,4,7
Chateau,22,0,10,0,10,0,10,0,10,0,10,0,10,0,10,0,10,0,10,0,10,0,10,0,10,0,10,0,10,0,10,0,10,0,10,0,10,0,10,0,10,0,10,0,10,0,10,0,10,0,10,0,10,0,10,0,10,0,10,0,10,0,10,0,10,0,10,0,10,0,10
Crafton Heights,23,2518.0,217.002304135,1103.0,128.522371593,0.0,20.0,0.0,20.0,0.0,20.0,0.0,20.0,0.0,20.0,17.0,26.4575131107,45.0,44.429719783,19.0,20.3469899494,345.0,85.0823130856,118.0,45.639894829,122.0,52.0384473251,99.0,48.6312656631,300.0,85.2701589068,30.0,25.5734237051,8.0,20.5182845287,0.0,20.0,1415.0,144.457606238,5.0,19.519221296,0.0,20.0,0.0,20.0,5.0,19.0787840283,13.0,20.0,75.0,49.2950301755,14.0,24.269322199,44.0,41.3884041732,534.0,98.6204846875,142.0,58.4037670018,195.0,70.5974503789,80.0,35.5949434611,232.0,81.9390017024,66.0,37.6031913539,6.0,19.5192212959,4.0,19.0787840283
Crawford-Roberts,24,1517.0,225.869431309,543.0,162.929432577,0.0,14.1421356237,0.0,14.1421356237,0.0,14.1421356237,0.0,14.1421356237,12.0,20.591260282,29.0,66.7532770731,15.0,24.5967477525,32.0,33.5261092285,221.0,106.850362657,70.0,52.2015325446,65.0,46.0977222865,41.0,35.5105618091,58.0,36.4005494464,0.0,14.1421356237,0.0,14.1421356237,0.0,14.1421356237,974.0,146.030818665,0.0,14.1421356237,10.0,18.0277563773,0.0,14.1421356237,0.0,14.1421356237,22.0,23.3452350599,44.0,35.4400902933,42.0,53.9351462406,60.0,46.1735855225,366.0,109.986362791,111.0,53.8144961883,113.0,65.06919394,113.0,69.4046107978,52.0,39.2937654088,32.0,31.6227766017,0.0,14.1421356237,9.0,16.4012194669
Duquesne Heights,25,1953.0,266.810794384,978.0,175.775424903,11.0,18.8679622641,0.0,14.1421356237,0.0,14.1421356237,0.0,14.1421356237,8.0,15.6204993518,20.0,20.5182845287,0.0,14.1421356237,9.0,16.4012194669,298.0,133.330416635,90.0,65.0,108.0,74.9466476902,60.0,38.6264158317,162.0,58.6941223633,168.0,74.966659256,30.0,29.7321374946,14.0,24.1660919472,975.0,154.841854807,0.0,14.1421356237,0.0,14.1421356237,6.0,14.8660687473,0.0,14.1421356237,21.0,23.7065391823,24.0,22.0227155455,13.0,21.4709105536,12.0,17.2046505341,311.0,103.247275993,41.0,27.6586333719,77.0,51.8844870843,101.0,54.4242592968,256.0,71.5052445629,100.0,57.1401785086,4.0,12.2065556157,9.0,16.4012194669
East Allegheny,26,1902.0,230.384461282,1014.0,177.485210651,0.0,14.1421356237,0.0,14.1421356237,0.0,14.1421356237,15.0,19.7230829233,57.0,46.9574275275,50.0,38.9486841883,13.0,15.8113883008,24.0,28.7923600978,272.0,103.730419839,34.0,27.2029410175,103.0,56.6038867923,72.0,49.244289009,274.0,110.344913793,57.0,40.718546143,19.0,20.5182845287,24.0,21.9317121995,888.0,147.271857461,23.0,33.5261092285,0.0,14.1421356237,0.0,14.1421356237,12.0,30.6757233004,36.0,31.6227766017,37.0,47.8016736109,34.0,47.0744091838,55.0,34.6554469023,285.0,92.9623579735,46.0,50.537115074,24.0,20.591260282,95.0,63.5609943283,131.0,76.1577310586,91.0,43.4165866922,10.0,18.0277563773,9.0,16.4012194669
East Carnegie,27,391,102,173,65,4,8,0,10,0,10,0,10,6,14,0,10,4,7,0,10,62,34,19,22,23,16,28,24,11,12,15,19,0,10,1,22,218,62,0,10,0,10,0,10,0,10,0,10,7,11,0,10,0,10,108,39,10,15,5,10,43,23,45,35,0,10,0,10,0,10
East Hills,28,1852.0,266.797676152,686.0,159.856185366,0.0,17.3205080757,0.0,17.3205080757,0.0,17.3205080757,0.0,17.3205080757,0.0,17.3205080757,0.0,17.3205080757,8.0,19.2093727123,64.0,59.3717104352,289.0,111.103555299,67.0,58.429444632,121.0,73.952687578,39.0,46.0434577328,72.0,86.1684396981,17.0,20.6155281281,0.0,17.3205080757,9.0,19.2093727123,1166.0,169.676162144,9.0,20.6155281281,0.0,17.3205080757,0.0,17.3205080757,0.0,17.3205080757,31.0,34.1906419946,36.0,46.2168800332,0.0,17.3205080757,31.0,29.7489495613,440.0,120.606799145,121.0,71.9096655534,298.0,116.691902033,93.0,57.6194411636,51.0,33.7638860323,56.0,30.6267856623,0.0,17.3205080757,0.0,17.3205080757
East Liberty,29,3959.0,346.147367461,1749.0,248.211603275,13.0,30.083217913,22.0,36.0277670694,38.0,41.8688428309,37.0,40.5585995813,69.0,64.4204936337,72.0,57.0175411606,11.0,29.0000000001,28.0,33.4962684489,487.0,158.442418562,84.0,65.9545297914,245.0,103.498792264,109.0,66.9850729641,242.0,88.0340843083,161.0,72.2080327941,72.0,65.7647321898,59.0,39.9374510954,2210.0,229.704157559,12.0,32.0,0.0,28.2842712474,7.0,28.6530975637,84.0,46.8401537146,14.0,35.0570962859,91.0,60.5144610816,11.0,28.6530975638,24.0,30.5450486986,570.0,132.664991614,117.0,58.7367006224,320.0,115.792918608,194.0,93.6322593981,492.0,128.984495193,233.0,82.6619622318,17.0,32.5729949499,24.0,31.0644491339
Elliott,30,1485.0,219.804458553,709.0,140.149919728,17.0,21.2837966538,0.0,17.3205080757,0.0,17.3205080757,0.0,17.3205080757,13.0,24.4948974278,6.0,17.3205080757,0.0,17.3205080757,17.0,22.8910462845,338.0,100.826583796,37.0,36.7287353444,66.0,42.6380112107,112.0,64.5445582525,55.0,38.3405790254,48.0,34.5543050864,0.0,17.3205080757,0.0,17.3205080757,776.0,122.694743164,8.0,18.547236991,0.0,17.3205080757,0.0,17.3205080757,17.0,22.360679775,0.0,17.3205080757,20.0,22.9128784748,47.0,36.235341864,43.0,29.7489495613,277.0,87.0861642283,26.0,30.2985148151,111.0,61.5629758864,113.0,52.7730992078,81.0,59.4474557908,13.0,25.3179778023,11.0,22.1133443875,9.0,19.2093727123
Esplen,31,235,89,146,61,0,10,0,10,0,10,0,10,5,9,0,10,7,11,0,10,70,52,30,29,23,34,0,10,0,10,11,16,0,10,0,10,89,37,0,10,0,10,0,10,0,10,0,10,0,10,0,10,0,10,66,33,0,10,0,10,11,15,12,19,0,10,0,10,0,10
Fairywood,32,823,211,391,133,0,10,0,10,0,10,0,10,0,10,0,10,0,10,0,10,106,68,14,17,60,48,7,12,121,69,83,89,0,10,0,10,432,121,26,43,12,30,0,10,0,10,0,10,0,10,0,10,0,10,94,65,10,14,38,37,32,24,199,90,9,13,0,10,12,18
Fineview,33,930.0,209.124364912,398.0,121.671689394,0.0,14.1421356237,0.0,14.1421356237,0.0,14.1421356237,4.0,11.6619037897,4.0,12.8062484749,0.0,14.1421356237,34.0,49.0306026885,0.0,14.1421356237,131.0,76.3216876124,14.0,19.7230829233,81.0,60.811183182,79.0,44.6542271235,38.0,27.8567765544,13.0,13.416407865,0.0,14.1421356237,0.0,14.1421356237,532.0,122.6743657,6.0,14.1421356237,0.0,14.1421356237,0.0,14.1421356237,0.0,14.1421356237,5.0,12.2065556157,35.0,44.1474801093,13.0,15.6204993518,0.0,14.1421356237,232.0,93.3488082409,46.0,45.1220566907,87.0,47.5078940809,45.0,50.9901951359,21.0,18.6010752377,39.0,38.3275357935,0.0,14.1421356237,3.0,11.6619037897
Friendship,34,1447.0,217.092146334,700.0,140.929060169,0.0,14.1421356237,38.0,61.8142378421,0.0,14.1421356237,0.0,14.1421356237,0.0,14.1421356237,0.0,14.1421356237,0.0,14.1421356237,14.0,23.2594066992,121.0,71.3442359269,13.0,25.079872408,22.0,23.4307490277,10.0,18.0277563773,183.0,89.8721313868,205.0,107.042047813,22.0,25.6124969497,72.0,38.2099463491,747.0,155.080624193,14.0,25.079872408,0.0,14.1421356237,0.0,14.1421356237,17.0,26.2488094968,0.0,14.1421356237,8.0,21.4709105536,15.0,26.0,0.0,14.1421356237,83.0,59.0338885726,0.0,14.1421356237,97.0,63.5059052372,64.0,69.7208720542,210.0,103.247275993,155.0,58.6941223633,28.0,33.1058907145,56.0,60.440052945
Garfield,35,2330.0,252.105136799,890.0,141.605084654,2.0,20.3960780543,0.0,22.360679775,0.0,22.360679775,0.0,22.360679775,39.0,37.8417758569,0.0,22.360679775,22.0,24.5356882928,6.0,19.3390796058,387.0,93.8189746267,59.0,34.088121098,207.0,78.4091831357,32.0,22.9346898824,95.0,74.222638056,20.0,21.0950231097,5.0,21.5406592285,16.0,23.0651251893,1440.0,176.51062291,10.0,25.0,6.0,21.9317121994,0.0,22.360679775,21.0,31.2409987036,24.0,28.6530975638,80.0,47.9270278653,77.0,46.8934963508,18.0,24.269322199,422.0,107.563934476,99.0,47.8434948556,391.0,117.311551008,141.0,54.4609952168,67.0,38.8072158239,53.0,42.332020977,22.0,24.3926218353,9.0,26.2488094968
Glen Hazel,36,501,252,168,118,5,9,0,10,24,53,5,10,4,9,9,18,4,9,14,21,98,69,0,10,0,10,5,9,0,10,0,10,0,10,0,10,333,152,17,21,0,10,0,10,25,53,0,10,22,26,12,19,20,22,95,75,27,26,56,54,40,41,8,13,11,18,0,10,0,10
Greenfield,37,5691.0,478.926925532,2667.0,287.734252393,0.0,29.9999999999,0.0,29.9999999999,0.0,29.9999999999,0.0,29.9999999999,7.0,30.7245829915,59.0,48.6415460281,0.0,29.9999999999,8.0,30.7245829915,691.0,176.980224884,227.0,107.335921294,244.0,101.916632597,226.0,105.223571504,581.0,162.981594053,368.0,133.259146027,98.0,60.2826674924,158.0,78.5557127139,3024.0,277.110086429,41.0,49.2036584006,0.0,29.9999999999,12.0,34.6410161514,9.0,31.5594676761,44.0,56.2583327161,22.0,35.2845575287,45.0,57.8100337312,12.0,33.5261092286,842.0,183.133830846,232.0,101.247222184,187.0,83.9880943943,109.0,60.8769250208,722.0,182.499315067,610.0,165.975901865,49.0,48.4252000513,88.0,79.1264810288
Hays,38,277,68,117,38,0,10,0,10,0,10,0,10,2,4,0,10,0,10,4,6,55,28,3,5,15,15,28,29,10,10,0,10,0,10,0,10,160,45,0,10,0,10,0,10,0,10,0,10,10,12,0,10,0,10,83,32,26,25,10,10,31,25,0,10,0,10,0,10,0,10
Hazelwood,39,3018.0,394.932905694,1402.0,254.100373869,18.0,30.1662062581,0.0,26.4575131106,14.0,32.2645316098,18.0,35.721142199,0.0,26.4575131106,56.0,49.9699909946,77.0,54.9545266562,33.0,38.4057287394,526.0,144.917217748,34.0,36.3455636907,272.0,113.43279949,148.0,90.5980132233,100.0,56.8154908453,61.0,45.4642716867,5.0,25.4754784057,40.0,57.4804314528,1616.0,222.903566594,0.0,26.4575131106,0.0,26.4575131106,7.0,26.4575131106,10.0,28.2134719593,20.0,31.7017349683,23.0,37.9605057922,119.0,87.1435597162,27.0,33.1209903233,548.0,123.685083983,141.0,71.1477336252,240.0,119.929145749,218.0,96.5246082613,181.0,67.6091709755,66.0,44.1588043316,12.0,32.9241552663,4.0,25.4754784057
Highland Park,40,4674.0,481.203699071,2090.0,285.489054081,10.0,28.4956136975,0.0,28.2842712474,0.0,28.2842712474,0.0,28.2842712474,0.0,28.2842712474,9.0,30.9192496674,12.0,33.1662479035,11.0,30.4138126515,426.0,169.952934662,125.0,75.4983443526,223.0,122.008196446,121.0,81.3265024454,455.0,128.829344482,350.0,119.431989015,183.0,80.5170789336,165.0,70.8096038684,2584.0,296.823179688,2.0,26.7581763204,0.0,28.2842712474,0.0,28.2842712474,18.0,37.8021163429,0.0,28.2842712474,0.0,28.2842712474,0.0,28.2842712474,33.0,52.8393792545,528.0,159.671537852,49.0,43.874821937,136.0,64.0156230931,239.0,116.322826651,778.0,192.296645836,486.0,133.734812221,134.0,73.0958275144,181.0,88.1022133661
Homewood North,41,1775.0,204.075966248,654.0,131.61686822,7.0,21.9317121995,0.0,22.360679775,0.0,22.360679775,5.0,21.5406592285,6.0,22.360679775,31.0,36.8917334914,0.0,22.360679775,34.0,37.2558720203,310.0,106.77078252,39.0,38.9871773792,98.0,48.259714048,21.0,26.4575131106,61.0,41.797129088,42.0,42.4852915725,0.0,22.360679775,0.0,22.360679775,1121.0,140.53113534,11.0,20.7364413533,0.0,22.360679775,11.0,25.6124969496,35.0,37.9209704517,12.0,21.5406592285,40.0,32.5269119346,26.0,24.2280828792,16.0,20.0,314.0,79.8874207869,86.0,52.2015325446,256.0,84.640415878,140.0,56.3471383479,103.0,51.5751878329,66.0,32.2180073872,0.0,22.360679775,5.0,21.1896201004
Homewood South,42,1450.0,172.59200445,524.0,111.216006042,13.0,21.5870331449,0.0,24.4948974278,0.0,24.4948974278,6.0,24.1039415864,5.0,23.7486841741,2.0,23.1516738056,23.0,38.2230297072,44.0,43.4741302386,214.0,86.7928568489,31.0,28.9136645896,90.0,57.105166141,9.0,26.9258240357,64.0,32.0624390838,23.0,29.0172362571,0.0,24.4948974278,0.0,24.4948974278,926.0,122.788435938,7.0,22.0227155455,0.0,24.4948974278,0.0,24.4948974278,9.0,27.4954541697,36.0,37.5898922585,55.0,40.8166632639,13.0,26.3058928759,34.0,27.9463772249,335.0,90.4157066002,34.0,30.0499584026,150.0,63.0634601018,101.0,39.6988664826,56.0,32.8024389337,74.0,45.0555213043,15.0,26.9258240357,7.0,24.4948974278
Homewood West,43,636.0,114.38968485,242.0,82.7345151675,3.0,10.7703296143,0.0,14.1421356237,0.0,14.1421356237,0.0,14.1421356237,7.0,14.1421356237,0.0,14.1421356237,12.0,17.2046505341,12.0,13.6014705087,111.0,69.6419413859,6.0,14.1421356237,38.0,33.6154726279,22.0,30.6757233004,24.0,33.5261092285,7.0,14.8660687473,0.0,14.1421356237,0.0,14.1421356237,394.0,94.3716058992,5.0,12.8062484749,0.0,14.1421356237,0.0,14.1421356237,0.0,14.1421356237,10.0,19.7230829233,19.0,25.2982212813,14.0,21.4709105536,0.0,14.1421356237,194.0,60.207972894,20.0,23.769728648,61.0,46.872166581,63.0,55.3263047745,7.0,14.1421356237,0.0,14.1421356237,0.0,14.1421356237,1.0,10.4403065089
Knoxville,44,2535.0,392.23207416,1078.0,214.063074817,28.0,37.2155881319,0.0,24.4948974278,0.0,24.4948974278,33.0,56.6038867924,13.0,30.6757233004,5.0,24.1039415864,12.0,31.3687742827,57.0,48.8057373677,503.0,158.883605196,59.0,64.3816744113,91.0,76.5636989702,123.0,76.5832879942,75.0,54.4150714417,57.0,55.5787729264,22.0,33.2565782966,0.0,24.4948974278,1457.0,255.192084517,9.0,26.9258240357,10.0,28.0891438104,0.0,24.4948974278,0.0,24.4948974278,0.0,24.4948974278,13.0,29.9999999999,91.0,79.7496081495,51.0,43.1972221329,702.0,204.699780166,163.0,82.9337084664,183.0,103.348923555,108.0,64.5445582524,39.0,31.7175030543,79.0,78.0768851838,0.0,24.4948974278,9.0,26.9258240357
Larimer,45,1096.0,203.985293588,395.0,98.6863719062,11.0,31.2409987036,17.0,28.0,12.0,32.0780298647,0.0,20.0,10.0,17.0,20.0,28.0000000001,15.0,22.6495033058,0.0,20.0,223.0,83.2286008533,4.0,18.3303027798,57.0,37.0540146273,20.0,20.8086520467,6.0,19.0787840283,0.0,20.0,0.0,20.0,0.0,20.0,701.0,144.716965142,0.0,20.0,0.0,20.0,12.0,21.0713075057,25.0,49.1528229098,3.0,18.0277563773,16.0,20.5182845287,55.0,53.8052042093,7.0,20.0,302.0,83.7257427558,24.0,24.4948974278,99.0,37.8681924575,112.0,46.9680742632,43.0,28.9827534924,3.0,18.0277563773,0.0,20.0,0.0,20.0
Lincoln Place,46,2565.0,370.405183549,1311.0,264.949051706,16.0,31.2409987036,0.0,22.360679775,0.0,22.360679775,0.0,22.360679775,0.0,22.360679775,12.0,26.9072480942,19.0,27.0739727414,0.0,22.360679775,658.0,210.824571623,93.0,52.8677595515,148.0,60.5640157189,161.0,80.249610591,168.0,86.296002225,28.0,31.4483703871,8.0,23.8537208837,0.0,22.360679775,1254.0,166.550292705,29.0,36.5650105975,0.0,22.360679775,0.0,22.360679775,0.0,22.360679775,9.0,25.0,20.0,27.0739727413,34.0,27.5499546278,95.0,57.9741321626,597.0,123.462544928,39.0,27.5680975041,118.0,56.6215506676,161.0,71.7356257379,118.0,56.3116329012,25.0,33.6005952328,9.0,23.8537208837,0.0,22.360679775
Lincoln-Lemington-Belmar,47,3375.0,396.921906677,1617.0,311.467494292,30.0,35.3977400409,11.0,24.5356882928,34.0,35.2987251895,30.0,37.2155881319,33.0,37.549966711,46.0,38.2099463491,85.0,50.3388517946,32.0,39.5727178749,745.0,240.210324508,61.0,50.8428952756,212.0,107.540689974,62.0,46.0543157586,160.0,73.1573646326,59.0,39.5979797464,4.0,23.1516738056,13.0,24.9198715887,1758.0,194.725447745,22.0,24.4744765011,10.0,25.3771550809,8.0,25.3771550809,8.0,23.3452350598,8.0,25.8650343127,38.0,31.7804971642,45.0,32.1869538789,22.0,24.5967477525,557.0,124.169239348,108.0,50.7543101618,405.0,119.787311515,154.0,69.5341642648,240.0,84.4866853416,120.0,68.4032162986,4.0,23.1516738056,9.0,23.0217288664
Lower Lawrenceville,48,1942.0,227.692775467,904.0,164.146276229,7.0,14.8660687473,0.0,14.1421356237,4.0,13.4536240471,7.0,14.8660687473,0.0,14.1421356237,0.0,14.1421356237,9.0,17.2046505341,9.0,15.6204993518,257.0,76.1577310586,84.0,55.7584074378,174.0,96.8968523741,29.0,28.7923600978,262.0,99.0353472251,46.0,30.4795013083,11.0,18.8679622641,5.0,13.4536240471,1038.0,140.185591271,0.0,14.1421356237,0.0,14.1421356237,0.0,14.1421356237,17.0,19.4164878389,7.0,15.6204993518,52.0,48.0520551069,8.0,15.6204993518,27.0,24.7588368063,262.0,73.2461603089,73.0,38.8973006776,138.0,68.0955211449,104.0,63.41135545,208.0,77.0778826902,124.0,67.7421582178,11.0,20.591260282,7.0,14.8660687473
Manchester,49,1415.0,214.462117867,656.0,148.219431924,13.0,20.591260282,0.0,14.1421356237,0.0,14.1421356237,0.0,14.1421356237,9.0,16.4012194669,2.0,10.7703296143,0.0,14.1421356237,8.0,15.6204993518,159.0,57.3846669416,39.0,29.7321374946,137.0,59.5482997238,43.0,31.9061122671,205.0,113.648581161,31.0,24.1660919472,0.0,14.1421356237,10.0,16.4012194669,759.0,131.228807813,10.0,18.8679622641,0.0,14.1421356237,0.0,14.1421356237,9.0,17.2046505341,19.0,29.7321374946,0.0,14.1421356237,27.0,24.1867732449,9.0,18.8679622641,138.0,64.2884126418,97.0,51.4781507049,132.0,61.619802012,133.0,87.800911157,100.0,48.6004115209,75.0,40.0,10.0,18.8679622641,0.0,14.1421356237
Marshall-Shadeland,50,4834.0,1286.02915986,3536.0,1260.71606637,40.0,29.206163733,0.0,22.360679775,26.0,25.2388589282,91.0,133.585178819,88.0,134.49535308,391.0,158.748228337,343.0,400.866561339,59.0,41.9761837236,1709.0,446.049324627,320.0,139.014387744,205.0,94.2337519151,122.0,135.3587825,108.0,54.3139024559,28.0,27.0924343684,0.0,22.360679775,6.0,22.360679775,1298.0,197.840845125,20.0,32.0156211872,0.0,22.360679775,7.0,22.360679775,8.0,23.3238075794,8.0,24.4131112314,109.0,88.6566410372,67.0,61.4410286373,10.0,25.0,431.0,115.987068245,122.0,55.8390544333,135.0,66.4680374315,178.0,76.9805170156,125.0,70.8449010162,70.0,41.1096095821,8.0,24.4131112314,0.0,22.360679775
Middle Hill,51,1293.0,197.124326252,453.0,122.641754717,12.0,20.6155281281,0.0,17.3205080757,0.0,17.3205080757,5.0,15.779733838,33.0,43.3704968844,13.0,20.6155281281,15.0,18.4932420089,21.0,19.7230829233,133.0,62.42595614,70.0,50.0699510685,94.0,53.9073278878,6.0,16.2480768092,44.0,76.0394634384,7.0,16.7630546142,0.0,17.3205080757,0.0,17.3205080757,840.0,132.81942629,11.0,22.1133443875,9.0,19.8997487421,0.0,17.3205080757,40.0,32.4653661615,30.0,34.0734500748,22.0,18.547236991,62.0,50.5766744656,11.0,15.0996688706,281.0,77.3369252039,62.0,38.2230297072,136.0,61.725197448,97.0,76.5375724727,41.0,34.146742158,31.0,28.3901391332,7.0,17.3205080757,0.0,17.3205080757
Morningside,52,2542.0,297.588642257,1191.0,182.087890866,25.0,32.9241552663,0.0,20.0,6.0,20.0,21.0,26.0959767014,0.0,20.0,22.0,28.0000000001,18.0,23.7697286481,37.0,43.9658958739,414.0,129.352232296,118.0,73.952687578,92.0,50.931326313,61.0,36.633318168,212.0,65.9166139907,114.0,61.7575906266,19.0,26.4575131106,32.0,28.5832118559,1351.0,179.415718375,43.0,34.6121365997,0.0,20.0,6.0,20.5182845286,19.0,28.0,0.0,20.0,70.0,62.1691241695,0.0,20.0,22.0,29.5972971739,439.0,110.927904515,61.0,43.4050688284,124.0,69.4622199472,58.0,55.0817574157,272.0,85.8487041253,114.0,54.6808924579,79.0,54.083269132,44.0,33.4514573674
Mount Oliver Borough,53,1905.0,277.248985571,872.0,161.932084529,20.0,27.2213151776,6.0,20.0,32.0,44.7437146424,18.0,20.5182845287,7.0,20.5182845286,95.0,62.465990747,0.0,20.0,20.0,24.4948974278,326.0,108.268185539,48.0,33.8526217597,138.0,67.1490878568,80.0,49.3862328995,58.0,46.184412955,9.0,22.2710574513,6.0,20.5182845287,9.0,23.5796522451,1033.0,170.032349863,32.0,28.5832118559,21.0,37.2692903071,8.0,21.6564078277,8.0,22.2710574513,34.0,45.4312667664,61.0,54.055527007,27.0,29.206163733,20.0,26.0959767014,357.0,95.7026645397,92.0,55.3714727996,189.0,94.0797534011,75.0,54.055527007,44.0,31.064449134,65.0,48.590122453,0.0,20.0,0.0,20.0
Mount Washington,54,6467.0,428.903252494,3235.0,317.841155296,16.0,29.9999999999,0.0,29.9999999999,2.0,28.5657137141,7.0,29.7489495612,52.0,47.6864760703,14.0,30.8220700149,108.0,84.7761758986,43.0,50.9313263129,745.0,143.533968104,111.0,69.7423830966,301.0,87.800911157,322.0,103.329569824,965.0,221.506207588,390.0,115.078234258,99.0,61.7008914036,60.0,42.8368999812,3232.0,284.99298237,31.0,35.2278299075,15.0,32.4961536184,0.0,29.9999999999,25.0,38.1706693679,43.0,39.1152144312,60.0,42.9068759058,51.0,51.4003891037,27.0,35.8608421541,943.0,164.842348928,171.0,68.6148671936,375.0,111.575086824,348.0,111.660198818,753.0,186.30083199,280.0,93.8988817825,40.0,42.5205832509,70.0,46.8508271005
Mt. Oliver,55,381,81,156,43,5,8,0,10,0,10,0,10,0,10,0,10,0,10,0,10,92,37,10,10,17,21,27,17,0,10,5,8,0,10,0,10,225,74,2,4,0,10,0,10,0,10,0,10,6,8,0,10,0,10,100,60,10,15,43,38,50,38,14,12,0,10,0,10,0,10
New Homestead,56,676,60,296,37,13,14,0,10,0,10,0,10,0,10,5,7,14,14,6,9,74,40,0,10,18,16,34,25,90,34,38,25,4,7,0,10,380,47,6,10,0,10,0,10,0,10,0,10,6,10,0,10,8,10,136,36,14,17,51,26,48,25,49,32,62,32,0,10,0,10
North Oakland,57,2937.0,330.998489423,1421.0,234.616708697,4.0,23.748684174,0.0,24.4948974278,12.0,29.3428015023,0.0,24.4948974278,9.0,26.9258240357,45.0,69.2242731995,6.0,22.1133443875,56.0,52.0192272146,72.0,47.1380949975,11.0,28.0891438104,89.0,54.6717477313,38.0,39.912404087,390.0,141.732141732,349.0,135.462171842,172.0,70.2139587262,168.0,74.6659226154,1516.0,187.432654573,49.0,65.9090282131,0.0,24.4948974278,12.0,30.0,0.0,24.4948974278,0.0,24.4948974278,0.0,24.4948974278,34.0,45.4862616621,0.0,24.4948974278,147.0,57.1139212452,64.0,36.4965751817,167.0,84.982351109,15.0,32.0780298647,431.0,111.812342789,417.0,113.903467901,79.0,58.137767415,101.0,66.0378679244
North Shore,58,159.0,48.0520551069,91.0,37.3630833845,0.0,14.1421356237,0.0,14.1421356237,0.0,14.1421356237,0.0,14.1421356237,0.0,14.1421356237,0.0,14.1421356237,0.0,14.1421356237,0.0,14.1421356237,0.0,14.1421356237,12.0,18.0277563773,0.0,14.1421356237,9.0,16.4012194669,25.0,24.1660919472,9.0,16.4012194669,25.0,26.0,11.0,14.1421356237,68.0,28.7923600978,0.0,14.1421356237,0.0,14.1421356237,0.0,14.1421356237,0.0,14.1421356237,0.0,14.1421356237,0.0,14.1421356237,0.0,14.1421356237,0.0,14.1421356237,9.0,18.8679622641,7.0,14.1421356237,6.0,14.1421356237,0.0,14.1421356237,31.0,21.4709105536,8.0,16.4012194669,7.0,14.8660687473,0.0,14.1421356237
Northview Heights,59,551,117,206,54,1,11,0,10,0,10,0,10,0,10,16,20,21,29,0,10,103,41,0,10,13,14,40,27,3,6,9,13,0,10,0,10,345,96,0,10,0,10,0,10,19,30,2,6,62,38,19,17,12,20,118,62,4,8,27,37,58,47,0,10,0,10,0,10,24,23
Oakwood,60,907,109,351,60,0,10,0,10,0,10,0,10,20,22,0,10,0,10,17,26,94,37,32,33,27,20,64,40,78,30,19,16,0,10,0,10,556,87,7,11,0,10,21,21,4,8,5,9,6,9,13,15,5,9,246,73,47,37,29,19,70,37,53,28,34,22,10,12,6,9
Overbrook,61,2816.0,269.466138874,1403.0,171.554656013,11.0,23.3238075794,0.0,22.360679775,12.0,26.2488094968,21.0,21.9544984,14.0,24.0208242989,21.0,25.8843582111,44.0,33.9116499157,26.0,25.9422435421,537.0,107.051389529,109.0,44.1701256507,206.0,85.2525659438,191.0,71.4842640027,161.0,50.2493781056,38.0,25.099800796,5.0,21.9317121995,7.0,22.825424421,1413.0,143.174718439,3.0,20.6155281281,0.0,22.360679775,6.0,21.9317121995,7.0,22.360679775,8.0,21.0950231097,43.0,31.8904374382,37.0,28.1069386451,22.0,35.2278299076,633.0,111.691539518,96.0,42.1900462194,119.0,57.3585215988,203.0,66.1135387042,144.0,55.641710973,79.0,38.275318418,6.0,21.9317121995,7.0,22.825424421
Perry North,62,2864.0,294.025509098,1458.0,167.002993985,17.0,33.5410196625,1.0,22.7156333832,15.0,30.6757233004,0.0,24.4948974278,5.0,24.1039415864,35.0,32.939338184,31.0,25.9615099715,11.0,22.9782505862,411.0,92.379651439,102.0,50.0599640431,195.0,82.7405583738,68.0,35.7351367704,362.0,99.0252493054,153.0,59.4558659848,33.0,30.8220700148,19.0,23.7907545067,1406.0,172.336879396,7.0,24.4948974278,1.0,22.7156333832,3.0,23.4307490277,9.0,26.3818119165,6.0,23.748684174,5.0,23.7486841741,58.0,47.1805044483,19.0,28.3725219182,372.0,76.9935062196,26.0,25.7099202644,269.0,113.727745076,120.0,72.7804918916,326.0,83.6899038117,159.0,53.8423625038,8.0,22.0227155455,18.0,24.1453929353
Perry South,63,2325.0,290.798899584,987.0,189.156020259,3.0,24.9198715887,0.0,24.4948974278,0.0,24.4948974278,11.0,30.0,14.0,22.7376340017,0.0,24.4948974278,48.0,47.8016736109,21.0,30.7245829915,339.0,120.892514243,72.0,43.7149859887,173.0,74.5117440408,78.0,70.8449010163,196.0,82.2678552048,16.0,23.9582971014,6.0,24.4948974278,10.0,26.9258240357,1338.0,186.571702034,2.0,22.9128784748,0.0,24.4948974278,0.0,24.4948974278,0.0,24.4948974278,29.0,46.7011777153,60.0,59.7411081249,25.0,35.7910603363,11.0,23.8537208837,597.0,122.143358395,31.0,29.5634909982,119.0,58.5234995536,212.0,105.290075506,153.0,71.6100551599,76.0,46.7546789103,8.0,25.8650343127,15.0,26.0192236625
Point Breeze,64,4022.0,264.673383625,1901.0,162.609962795,0.0,26.4575131106,0.0,26.4575131106,0.0,26.4575131106,0.0,26.4575131106,0.0,26.4575131106,0.0,26.4575131106,0.0,26.4575131106,16.0,28.1069386451,134.0,61.2943716828,25.0,29.4108823396,131.0,59.8498120299,65.0,46.9467783772,622.0,117.664778078,385.0,87.3899307701,228.0,55.4526825321,295.0,73.566296631,2121.0,169.46681091,0.0,26.4575131106,3.0,25.7681974535,0.0,26.4575131106,29.0,48.6209831246,0.0,26.4575131106,9.0,27.7308492478,18.0,31.6227766016,8.0,27.276363394,200.0,77.1167945393,69.0,36.592348927,191.0,74.9533188058,81.0,45.8584779512,517.0,99.7396611183,548.0,102.249694376,203.0,78.6384130054,245.0,67.7495387437
Point Breeze North,65,1527.0,236.611495917,686.0,140.602275942,0.0,17.3205080757,0.0,17.3205080757,0.0,17.3205080757,0.0,17.3205080757,0.0,17.3205080757,0.0,17.3205080757,0.0,17.3205080757,13.0,25.3179778023,63.0,72.0138875496,9.0,16.2480768093,13.0,24.4948974278,74.0,46.8294778959,318.0,105.171288858,49.0,40.4598566483,58.0,44.0908153701,89.0,47.4447046571,841.0,189.857841555,0.0,17.3205080757,0.0,17.3205080757,0.0,17.3205080757,0.0,17.3205080757,0.0,17.3205080757,0.0,17.3205080757,0.0,17.3205080757,0.0,17.3205080757,119.0,71.707740168,10.0,20.6155281281,116.0,80.6659779585,142.0,97.2985097522,176.0,92.8708781051,177.0,84.6817571853,0.0,17.3205080757,101.0,57.4543296889
Polish Hill,66,1169.0,188.175450046,627.0,150.880747612,0.0,14.1421356237,0.0,14.1421356237,0.0,14.1421356237,13.0,16.4012194669,0.0,14.1421356237,11.0,15.6204993518,13.0,17.2046505341,0.0,14.1421356237,187.0,59.6657355607,18.0,15.8113883008,89.0,47.6340214553,45.0,27.4590604355,180.0,126.126920203,53.0,37.3630833845,13.0,18.0277563773,5.0,12.8062484749,542.0,91.8095855562,0.0,14.1421356237,0.0,14.1421356237,10.0,17.2046505341,0.0,14.1421356237,0.0,14.1421356237,7.0,14.8660687473,5.0,12.2065556157,25.0,24.0416305603,201.0,60.141499815,20.0,15.5563491861,94.0,41.1096095822,27.0,24.1660919472,96.0,49.3963561409,25.0,17.88854382,7.0,15.6204993518,25.0,21.6333076528
Regent Square,67,774,53,369,41,0,10,0,10,0,10,0,10,7,9,0,10,0,10,0,10,14,11,0,10,52,29,6,10,111,44,102,37,29,20,48,32,405,37,8,11,0,10,0,10,0,10,7,9,0,10,0,10,0,10,54,24,6,10,4,6,32,33,107,42,87,33,65,35,35,30
Ridgemont,68,246,84,122,58,0,10,0,10,0,10,0,10,0,10,10,16,5,8,8,12,19,18,22,22,32,48,6,10,20,23,0,10,0,10,0,10,124,58,0,10,0,10,0,10,0,10,0,10,0,10,0,10,7,12,29,22,0,10,21,26,3,5,42,37,22,25,0,10,0,10
Shadyside,69,9414.0,684.999270073,4689.0,523.848260473,52.0,52.1727898429,1.0,36.1109401706,0.0,37.4165738677,60.0,76.4133496191,7.0,35.7770876399,0.0,37.4165738677,23.0,45.2769256906,15.0,38.9871773793,243.0,117.796434581,72.0,63.6945837572,270.0,151.627833857,238.0,107.925900505,1510.0,365.684290065,949.0,197.962117589,590.0,135.332922823,659.0,162.643782543,4725.0,404.699888807,23.0,40.4103947024,7.0,39.0512483796,16.0,39.7114593033,14.0,38.209946349,13.0,37.6430604494,17.0,41.0000000001,11.0,38.8072158238,5.0,36.551333765,423.0,119.306328417,48.0,47.8330429724,211.0,86.3481325797,118.0,67.4833312754,1606.0,252.85569007,1339.0,237.065391823,346.0,116.318528189,528.0,165.918654768
Sheraden,70,3321.0,338.300162578,1394.0,209.718859429,16.0,30.6757233004,0.0,24.4948974278,7.0,25.3771550809,12.0,28.7054001889,0.0,24.4948974278,9.0,25.8650343127,60.0,43.7721372565,36.0,39.6232255124,526.0,139.43457247,30.0,28.9136645896,194.0,82.1583836257,217.0,96.3690821789,193.0,79.737067917,53.0,43.8178046004,0.0,24.4948974278,41.0,44.3283205187,1927.0,211.317296973,45.0,41.400483089,0.0,24.4948974278,0.0,24.4948974278,21.0,27.4954541697,33.0,44.1814440687,74.0,62.7534859589,64.0,44.7437146424,45.0,47.8434948556,624.0,137.934767191,160.0,71.8331399843,261.0,92.16289926,207.0,108.885260711,253.0,92.0814856526,116.0,67.4833312752,0.0,24.4948974278,24.0,33.1360830516
South Oakland,71,1256.0,204.494498703,605.0,135.959552808,11.0,24.269322199,0.0,20.0,0.0,20.0,0.0,20.0,0.0,20.0,14.0,24.9799919936,7.0,20.5182845286,0.0,20.0,145.0,72.8354309385,13.0,21.0713075057,87.0,47.6025209417,56.0,55.3263047744,189.0,88.3685464405,25.0,26.4575131106,40.0,30.7408522979,18.0,23.2379000772,651.0,131.167831421,38.0,39.7869325282,0.0,20.0,0.0,20.0,18.0,33.7786915081,0.0,20.0,0.0,20.0,20.0,32.7414110875,7.0,20.5182845287,128.0,75.3923072999,74.0,52.9339210715,154.0,87.4356906532,11.0,20.8086520467,106.0,46.872166581,59.0,39.5094925302,0.0,20.0,36.0,28.0891438104
South Shore,72,8,9,4,6,0,10,0,10,0,10,0,10,0,10,0,10,0,10,0,10,0,10,0,10,0,10,0,10,0,10,4,6,0,10,0,10,4,6,0,10,0,10,0,10,0,10,0,10,0,10,0,10,0,10,0,10,0,10,0,10,4,6,0,10,0,10,0,10,0,10
South Side Flats,73,4143.0,420.511593181,2208.0,308.58872306,10.0,26.9258240357,0.0,24.4948974278,10.0,26.9258240357,6.0,25.3771550809,31.0,33.4514573673,8.0,25.8650343127,41.0,43.783558558,11.0,28.0891438104,491.0,161.796168063,111.0,82.5166649835,138.0,82.8613299435,116.0,101.123686642,704.0,171.058469536,250.0,93.3434518324,205.0,74.4983221288,76.0,46.9787185862,1935.0,235.214795452,10.0,27.4954541696,0.0,24.4948974278,0.0,24.4948974278,0.0,24.4948974278,0.0,24.4948974278,20.0,29.3428015022,29.0,32.6496554346,0.0,24.4948974278,588.0,174.556581084,56.0,50.0099990001,55.0,40.3112887416,217.0,92.4662100446,481.0,116.30563185,309.0,103.339247143,98.0,70.5761999544,72.0,46.8294778959
South Side Slopes,74,2991.0,367.422100587,1650.0,243.836010467,7.0,27.276363394,0.0,26.4575131106,0.0,26.4575131106,5.0,25.7681974535,0.0,26.4575131106,7.0,27.7308492477,24.0,35.8468966579,51.0,43.783558558,651.0,157.803675496,56.0,45.7274534606,167.0,85.918566096,169.0,74.8064168371,326.0,106.16967552,98.0,53.9444158371,65.0,55.3985559379,24.0,37.483329628,1341.0,208.980860368,12.0,27.5680975041,0.0,26.4575131106,0.0,26.4575131106,21.0,30.6920185065,12.0,27.6586333719,42.0,36.2215405526,23.0,29.8161030317,11.0,28.7228132327,454.0,127.859297668,91.0,52.0192272145,127.0,78.1536947302,143.0,92.9193198425,237.0,114.450862819,99.0,47.947888379,44.0,39.3700393701,25.0,29.4448637287
Spring Garden,75,595.0,118.713941894,293.0,90.697298747,2.0,11.1803398875,0.0,14.1421356237,0.0,14.1421356237,26.0,36.4005494464,15.0,15.0,18.0,27.8567765544,0.0,14.1421356237,15.0,24.1660919472,135.0,59.4053869611,6.0,14.1421356237,27.0,31.6227766017,21.0,18.0277563773,12.0,16.4012194669,16.0,19.7230829233,0.0,14.1421356237,0.0,14.1421356237,302.0,58.7962583844,0.0,14.1421356237,0.0,14.1421356237,0.0,14.1421356237,19.0,16.4012194669,16.0,15.5563491861,17.0,16.6433169771,21.0,19.7230829233,0.0,14.1421356237,153.0,49.040799341,13.0,18.0277563773,10.0,12.2065556157,26.0,19.1049731745,20.0,20.591260282,7.0,15.6204993518,0.0,14.1421356237,0.0,14.1421356237
Spring Hill-City View,76,1615.0,248.054429511,606.0,138.351002888,5.0,18.547236991,10.0,22.1133443875,4.0,17.3205080757,24.0,27.8028775489,0.0,17.3205080757,6.0,18.547236991,7.0,17.9164728672,31.0,29.0,271.0,83.3666600027,9.0,19.2093727123,48.0,34.7706773014,55.0,37.3363094052,91.0,68.5346627627,23.0,24.2280828791,13.0,21.3541565041,9.0,20.6155281281,1009.0,168.318151131,7.0,17.9164728672,0.0,17.3205080757,12.0,23.6854385647,0.0,17.3205080757,9.0,19.8997487421,0.0,17.3205080757,98.0,62.9761859754,6.0,18.547236991,518.0,131.5218613,48.0,34.3802268753,95.0,73.0821455624,52.0,32.403703492,91.0,44.1474801093,73.0,53.9351462406,0.0,17.3205080757,0.0,17.3205080757
Squirrel Hill North,77,5494.0,363.056469436,2654.0,226.316150551,10.0,31.5277655408,0.0,31.6227766016,0.0,31.6227766016,11.0,34.0,3.0,28.6356421266,0.0,31.6227766016,13.0,36.0555127547,11.0,34.4818792991,112.0,63.3876959669,29.0,37.6031913539,165.0,77.5435361587,48.0,54.2033209314,654.0,145.068949124,583.0,119.528239342,594.0,120.884242149,421.0,99.9749968742,2840.0,206.480023246,8.0,32.6955654485,24.0,47.6340214552,18.0,41.0365690573,0.0,31.6227766016,10.0,34.4818792992,12.0,36.0555127547,1.0,30.0665927568,0.0,31.6227766016,217.0,90.0499861188,87.0,51.293274413,174.0,63.827893589,70.0,47.1380949976,692.0,122.995934892,774.0,128.965111561,364.0,102.366986866,389.0,100.523629063
Squirrel Hill South,78,11164.0,636.661605565,5376.0,435.661565897,2.0,34.7706773015,0.0,36.0555127546,4.0,35.7910603363,15.0,41.0365690573,6.0,37.3630833845,17.0,43.8178046003,65.0,60.811183182,0.0,36.0555127546,616.0,190.583315114,110.0,92.5688932633,362.0,141.095712197,216.0,122.225201982,1413.0,231.131996918,1128.0,210.138049861,642.0,141.484981535,780.0,170.276246141,5788.0,387.373205061,7.0,37.3630833845,18.0,45.3100430368,18.0,39.2300904919,40.0,51.739733281,7.0,35.5527776692,25.0,43.0348695828,21.0,41.2916456442,52.0,52.6212884678,762.0,192.106741162,180.0,97.1905345185,348.0,134.517656834,338.0,124.795833264,1528.0,237.326778937,1521.0,215.406592285,312.0,99.0555399764,611.0,152.295764878
St. Clair,79,163,51,89,35,0,10,0,10,0,10,0,10,0,10,0,10,0,10,12,12,46,26,3,5,0,10,10,14,8,8,10,16,0,10,0,10,74,34,0,10,0,10,0,10,0,10,6,8,0,10,0,10,0,10,28,25,8,7,3,5,20,19,0,10,9,14,0,10,0,10
Stanton Heights,80,3683.0,306.316829443,1602.0,189.847307065,13.0,23.0867927612,0.0,20.0,0.0,20.0,5.0,20.0,0.0,20.0,30.0,33.0151480384,20.0,28.1602556807,42.0,46.9041575982,457.0,114.878196365,145.0,58.4807660689,231.0,85.2642949891,115.0,54.4701753256,331.0,108.032402547,164.0,69.9213844257,19.0,27.0739727413,30.0,28.0891438103,2081.0,176.847391838,28.0,32.1247568084,0.0,20.0,0.0,20.0,16.0,21.2132034355,16.0,22.4722050542,21.0,27.5136329844,69.0,36.9459064038,15.0,23.5796522451,584.0,124.486947107,113.0,52.9339210715,302.0,98.1325634028,220.0,72.1387551875,392.0,95.7810002036,247.0,88.6002257333,45.0,44.283179651,13.0,20.0499376558
Strip District,81,611,101,310,66,0,10,0,10,0,10,0,10,0,10,0,10,0,10,0,10,0,10,0,10,27,24,7,11,140,52,73,42,28,35,35,26,301,61,0,10,0,10,0,10,0,10,0,10,0,10,0,10,0,10,21,18,0,10,14,16,40,31,123,47,39,24,64,47,0,10
Summer Hill,82,915,66,472,60,11,15,0,10,0,10,21,20,0,10,7,10,5,9,15,17,145,57,28,21,84,45,52,43,85,40,19,18,0,10,0,10,443,55,0,10,0,10,7,11,6,9,0,10,11,11,0,10,10,14,163,54,19,16,67,39,13,15,82,37,49,31,7,10,9,13
Swisshelm Park,83,971,93,493,85,7,8,0,10,0,10,0,10,4,7,5,8,31,28,9,10,125,51,3,6,64,24,36,24,96,38,89,51,21,15,3,6,478,54,19,17,0,10,0,10,0,10,12,17,17,15,0,10,18,16,115,41,8,9,20,15,43,23,94,28,108,45,6,8,18,17
Terrace Village,84,924.0,157.794169727,275.0,82.3528991597,4.0,16.2480768092,0.0,17.3205080757,0.0,17.3205080757,17.0,20.6155281281,6.0,17.3205080757,0.0,17.3205080757,11.0,15.6524758425,7.0,17.9164728672,142.0,62.4899991999,8.0,19.8997487421,36.0,32.0156211872,16.0,22.1133443875,11.0,16.2480768093,17.0,30.4795013083,0.0,17.3205080757,0.0,17.3205080757,649.0,125.952371951,7.0,16.7630546142,0.0,17.3205080757,0.0,17.3205080757,39.0,37.1079506306,0.0,17.3205080757,38.0,42.4264068712,33.0,28.9827534924,12.0,16.8819430162,229.0,72.8148336536,118.0,70.717748833,53.0,38.2099463491,61.0,35.2845575287,0.0,17.3205080757,38.0,36.1939221418,21.0,43.3704968844,0.0,17.3205080757
Troy Hill,85,1874.0,289.822359386,897.0,158.521291945,0.0,14.1421356237,0.0,14.1421356237,0.0,14.1421356237,0.0,14.1421356237,0.0,14.1421356237,9.0,16.4012194669,4.0,12.2065556157,9.0,18.0277563773,350.0,115.277925033,35.0,33.6154726279,94.0,46.6904701197,58.0,31.6227766017,161.0,75.0266619276,79.0,45.4532727095,58.0,39.4081209905,40.0,50.6951674225,977.0,184.439692041,9.0,17.2046505341,0.0,14.1421356237,0.0,14.1421356237,0.0,14.1421356237,19.0,23.2594066992,0.0,14.1421356237,0.0,14.1421356237,22.0,24.2074368738,412.0,116.211014968,37.0,28.6356421266,214.0,93.0859817588,75.0,69.6419413859,106.0,54.4885309033,38.0,24.1867732449,45.0,32.7566787083,0.0,14.1421356237
Upper Hill,86,1351.0,232.13142829,571.0,162.711400953,5.0,17.9164728672,0.0,17.3205080757,0.0,17.3205080757,10.0,22.1133443875,5.0,17.3205080757,0.0,17.3205080757,0.0,17.3205080757,0.0,17.3205080757,260.0,114.638562448,45.0,42.2374241639,96.0,101.454423265,33.0,40.8656334834,72.0,47.9165942029,22.0,34.0734500748,8.0,18.547236991,15.0,21.354156504,780.0,129.185912545,17.0,27.8567765544,0.0,17.3205080757,0.0,17.3205080757,14.0,20.4939015319,16.0,29.5972971739,0.0,17.3205080757,26.0,30.2985148151,0.0,17.3205080757,207.0,79.0063288604,46.0,42.8135492572,116.0,59.8748695197,80.0,48.579831206,99.0,58.1807528312,143.0,97.7854794947,0.0,17.3205080757,16.0,25.3179778023
Upper Lawrenceville,87,2028.0,277.758888246,926.0,190.908354977,13.0,24.4948974278,0.0,17.3205080757,0.0,17.3205080757,7.0,17.9164728672,23.0,34.0734500748,9.0,19.8997487421,10.0,16.7630546142,20.0,24.3515913238,317.0,116.107708616,29.0,30.1330383466,222.0,111.687062814,41.0,30.166206258,191.0,70.0357051796,35.0,32.1247568084,9.0,19.2093727123,0.0,17.3205080757,1102.0,168.193341128,28.0,46.2168800332,0.0,17.3205080757,0.0,17.3205080757,0.0,17.3205080757,0.0,17.3205080757,35.0,30.0333148354,13.0,18.7082869339,25.0,34.0734500748,346.0,99.2270124512,12.0,22.8910462845,144.0,82.6438140456,80.0,60.1498129673,276.0,132.476412995,105.0,56.5154846038,21.0,27.3861278753,17.0,21.3541565041
West End,88,112,52,61,37,0,10,0,10,0,10,0,10,0,10,0,10,0,10,0,10,48,33,0,10,0,10,0,10,4,8,9,15,0,10,0,10,51,31,0,10,0,10,0,10,0,10,0,10,0,10,0,10,0,10,18,16,0,10,13,18,20,23,0,10,0,10,0,10,0,10
West Oakland,89,772.0,167.170571573,343.0,104.004807581,12.0,16.4012194669,0.0,14.1421356237,0.0,14.1421356237,0.0,14.1421356237,0.0,14.1421356237,46.0,61.8142378421,0.0,14.1421356237,5.0,12.8062484749,74.0,39.6232255123,47.0,46.1735855225,29.0,25.2982212813,0.0,14.1421356237,104.0,50.2493781056,16.0,22.360679775,10.0,16.4012194669,0.0,14.1421356237,429.0,104.804580053,0.0,14.1421356237,0.0,14.1421356237,0.0,14.1421356237,0.0,14.1421356237,0.0,14.1421356237,9.0,14.8660687473,12.0,19.7230829233,0.0,14.1421356237,112.0,45.5411901469,10.0,14.8660687473,98.0,61.619802012,37.0,31.7804971641,57.0,50.5964425627,74.0,49.3963561409,5.0,13.4536240471,15.0,27.8567765544
Westwood,90,2601.0,226.812698057,1214.0,132.00757554,57.0,61.8142378421,0.0,14.1421356237,9.0,17.2046505341,19.0,23.2594066992,0.0,14.1421356237,39.0,38.275318418,26.0,28.7923600978,8.0,15.6204993518,404.0,94.8736001214,43.0,37.3630833845,228.0,94.0212741883,28.0,23.2594066992,260.0,95.4253635047,62.0,35.4682957019,8.0,15.6204993518,23.0,28.7923600978,1387.0,163.003067456,63.0,54.918120871,0.0,14.1421356237,8.0,18.0277563773,7.0,16.4012194669,10.0,18.8679622641,21.0,24.4131112315,54.0,44.283179651,12.0,20.591260282,530.0,136.682112948,22.0,20.6155281281,127.0,56.8594759033,150.0,61.7737808459,275.0,101.823376491,100.0,58.6003412959,8.0,15.6204993518,0.0,14.1421356237
Windgap,91,1026.0,179.301422192,447.0,105.361283212,0.0,14.1421356237,0.0,14.1421356237,0.0,14.1421356237,0.0,14.1421356237,8.0,16.4012194669,0.0,14.1421356237,0.0,14.1421356237,0.0,14.1421356237,250.0,95.5876561068,21.0,22.360679775,77.0,53.2259335287,38.0,32.5729949498,43.0,29.4108823397,10.0,18.0277563773,0.0,14.1421356237,0.0,14.1421356237,579.0,106.531685427,12.0,19.7230829233,0.0,14.1421356237,0.0,14.1421356237,9.0,17.2046505341,4.0,12.2065556157,0.0,14.1421356237,27.0,43.1740662898,0.0,14.1421356237,289.0,78.7718223732,36.0,22.0227155455,100.0,70.7742891169,72.0,52.2015325446,11.0,18.8679622641,19.0,31.6227766017,0.0,14.1421356237,0.0,14.1421356237
